,mean,std
avg_iews_anom,-0.0005403691148971716,0.02499177411861094
avg_inss_anom,0.00010964915792319699,0.017718151340603252
ttr_anom,25502.866751498797,1080753.891032395
sst_anom,0.05126292394662608,0.634453690102721
t2m_anom,0.055671713725776395,0.6505805058044215
msl_anom,1.501469969616462,119.03126738864304
